{
    "prepare_queue": {
        "installed": [],
        "uninstalled": []
    },
    "config_munge": {
        "files": {
            "res/xml/config.xml": {
                "parents": {
                    "/*": [
                        {
                            "xml": "<feature name=\"Device\"><param name=\"android-package\" value=\"org.apache.cordova.device.Device\" /></feature>",
                            "count": 1
                        },
                        {
                            "xml": "<feature name=\"Geolocation\"><param name=\"android-package\" value=\"org.apache.cordova.geolocation.Geolocation\" /></feature>",
                            "count": 1
                        },
                        {
                            "xml": "<feature name=\"Whitelist\"><param name=\"android-package\" value=\"org.apache.cordova.whitelist.WhitelistPlugin\" /><param name=\"onload\" value=\"true\" /></feature>",
                            "count": 1
                        },
                        {
                            "xml": "<feature name=\"OneSignalPush\"><param name=\"android-package\" value=\"com.plugin.gcm.OneSignalPush\" /></feature>",
                            "count": 1
                        },
                        {
                            "xml": "<feature name=\"InAppBrowser\"><param name=\"android-package\" value=\"org.apache.cordova.inappbrowser.InAppBrowser\" /></feature>",
                            "count": 1
                        },
                        {
                            "xml": "<feature name=\"StatusBar\"><param name=\"android-package\" value=\"org.apache.cordova.statusbar.StatusBar\" /><param name=\"onload\" value=\"true\" /></feature>",
                            "count": 1
                        }
                    ]
                }
            },
            "AndroidManifest.xml": {
                "parents": {
                    "/*": [
                        {
                            "xml": "<uses-permission android:name=\"android.permission.ACCESS_COARSE_LOCATION\" />",
                            "count": 1
                        },
                        {
                            "xml": "<uses-permission android:name=\"android.permission.ACCESS_FINE_LOCATION\" />",
                            "count": 1
                        },
                        {
                            "xml": "<uses-feature android:name=\"android.hardware.location.gps\" />",
                            "count": 1
                        }
                    ],
                    "/manifest": [
                        {
                            "xml": "<uses-permission android:name=\"com.amazon.device.messaging.permission.RECEIVE\" />",
                            "count": 1
                        },
                        {
                            "xml": "<permission android:name=\"br.com.meupersonalvitual.personalvirtual.permission.RECEIVE_ADM_MESSAGE\" android:protectionLevel=\"signature\" />",
                            "count": 1
                        },
                        {
                            "xml": "<uses-permission android:name=\"br.com.meupersonalvitual.personalvirtual.permission.RECEIVE_ADM_MESSAGE\" />",
                            "count": 1
                        }
                    ],
                    "/manifest/application": [
                        {
                            "xml": "<amazon:enable-feature android:name=\"com.amazon.device.messaging\" android:required=\"false\" xmlns:amazon=\"http://schemas.amazon.com/apk/res/android\" />",
                            "count": 1
                        },
                        {
                            "xml": "<service android:exported=\"false\" android:name=\"com.onesignal.ADMMessageHandler\" />",
                            "count": 1
                        },
                        {
                            "xml": "<receiver android:name=\"com.onesignal.ADMMessageHandler$Receiver\" android:permission=\"com.amazon.device.messaging.permission.SEND\"><intent-filter><action android:name=\"com.amazon.device.messaging.intent.REGISTRATION\" /><action android:name=\"com.amazon.device.messaging.intent.RECEIVE\" /><category android:name=\"br.com.meupersonalvitual.personalvirtual\" /></intent-filter></receiver>",
                            "count": 1
                        }
                    ]
                }
            }
        }
    },
    "installed_plugins": {
        "cordova-plugin-device": {
            "PACKAGE_NAME": "br.com.meupersonalvitual.personalvirtual"
        },
        "cordova-plugin-geolocation": {
            "PACKAGE_NAME": "br.com.meupersonalvitual.personalvirtual"
        },
        "cordova-plugin-whitelist": {
            "PACKAGE_NAME": "br.com.meupersonalvitual.personalvirtual"
        },
        "onesignal-cordova-plugin": {
            "PACKAGE_NAME": "br.com.meupersonalvitual.personalvirtual"
        },
        "cordova-plugin-inappbrowser": {
            "PACKAGE_NAME": "br.com.meupersonalvitual.personalvirtual"
        },
        "cordova-plugin-statusbar": {
            "PACKAGE_NAME": "br.com.meupersonalvitual.personalvirtual"
        }
    },
    "dependent_plugins": {},
    "modules": [
        {
            "id": "cordova-plugin-device.device",
            "file": "plugins/cordova-plugin-device/www/device.js",
            "pluginId": "cordova-plugin-device",
            "clobbers": [
                "device"
            ]
        },
        {
            "id": "cordova-plugin-geolocation.geolocation",
            "file": "plugins/cordova-plugin-geolocation/www/android/geolocation.js",
            "pluginId": "cordova-plugin-geolocation",
            "clobbers": [
                "navigator.geolocation"
            ]
        },
        {
            "id": "cordova-plugin-geolocation.PositionError",
            "file": "plugins/cordova-plugin-geolocation/www/PositionError.js",
            "pluginId": "cordova-plugin-geolocation",
            "runs": true
        },
        {
            "id": "onesignal-cordova-plugin.OneSignal",
            "file": "plugins/onesignal-cordova-plugin/www/OneSignal.js",
            "pluginId": "onesignal-cordova-plugin",
            "clobbers": [
                "OneSignal"
            ]
        },
        {
            "id": "cordova-plugin-inappbrowser.inappbrowser",
            "file": "plugins/cordova-plugin-inappbrowser/www/inappbrowser.js",
            "pluginId": "cordova-plugin-inappbrowser",
            "clobbers": [
                "cordova.InAppBrowser.open",
                "window.open"
            ]
        },
        {
            "id": "cordova-plugin-statusbar.statusbar",
            "file": "plugins/cordova-plugin-statusbar/www/statusbar.js",
            "pluginId": "cordova-plugin-statusbar",
            "clobbers": [
                "window.StatusBar"
            ]
        }
    ],
    "plugin_metadata": {
        "cordova-plugin-device": "1.1.7",
        "cordova-plugin-geolocation": "2.4.3",
        "cordova-plugin-whitelist": "1.3.4",
        "onesignal-cordova-plugin": "2.4.7",
        "cordova-plugin-inappbrowser": "1.7.2",
        "cordova-plugin-statusbar": "2.4.3"
    }
}