{
    "prepare_queue": {
        "installed": [],
        "uninstalled": []
    },
    "config_munge": {
        "files": {
            "config.xml": {
                "parents": {
                    "/*": [
                        {
                            "xml": "<feature name=\"Device\"><param name=\"browser-package\" value=\"Device\" /></feature>",
                            "count": 1
                        }
                    ]
                }
            }
        }
    },
    "installed_plugins": {
        "cordova-plugin-device": {
            "PACKAGE_NAME": "br.com.meupersonalvitual.personalvirtual"
        },
        "cordova-plugin-compat": {
            "PACKAGE_NAME": "br.com.meupersonalvitual.personalvirtual"
        },
        "cordova-plugin-geolocation": {
            "PACKAGE_NAME": "br.com.meupersonalvitual.personalvirtual"
        },
        "cordova-plugin-whitelist": {
            "PACKAGE_NAME": "br.com.meupersonalvitual.personalvirtual"
        },
        "onesignal-cordova-plugin": {
            "PACKAGE_NAME": "br.com.meupersonalvitual.personalvirtual"
        },
        "cordova-plugin-inappbrowser": {
            "PACKAGE_NAME": "br.com.meupersonalvitual.personalvirtual"
        },
        "cordova-plugin-statusbar": {
            "PACKAGE_NAME": "br.com.meupersonalvitual.personalvirtual"
        }
    },
    "dependent_plugins": {},
    "modules": [
        {
            "file": "plugins/cordova-plugin-device/www/device.js",
            "id": "cordova-plugin-device.device",
            "pluginId": "cordova-plugin-device",
            "clobbers": [
                "device"
            ]
        },
        {
            "file": "plugins/cordova-plugin-device/src/browser/DeviceProxy.js",
            "id": "cordova-plugin-device.DeviceProxy",
            "pluginId": "cordova-plugin-device",
            "runs": true
        },
        {
            "file": "plugins/onesignal-cordova-plugin/www/OneSignal.js",
            "id": "onesignal-cordova-plugin.OneSignal",
            "pluginId": "onesignal-cordova-plugin",
            "clobbers": [
                "OneSignal"
            ]
        },
        {
            "file": "plugins/cordova-plugin-inappbrowser/www/inappbrowser.js",
            "id": "cordova-plugin-inappbrowser.inappbrowser",
            "pluginId": "cordova-plugin-inappbrowser",
            "clobbers": [
                "cordova.InAppBrowser.open",
                "window.open"
            ]
        },
        {
            "file": "plugins/cordova-plugin-inappbrowser/src/browser/InAppBrowserProxy.js",
            "id": "cordova-plugin-inappbrowser.InAppBrowserProxy",
            "pluginId": "cordova-plugin-inappbrowser",
            "runs": true
        },
        {
            "file": "plugins/cordova-plugin-statusbar/www/statusbar.js",
            "id": "cordova-plugin-statusbar.statusbar",
            "pluginId": "cordova-plugin-statusbar",
            "clobbers": [
                "window.StatusBar"
            ]
        },
        {
            "file": "plugins/cordova-plugin-statusbar/src/browser/StatusBarProxy.js",
            "id": "cordova-plugin-statusbar.StatusBarProxy",
            "pluginId": "cordova-plugin-statusbar",
            "runs": true
        }
    ],
    "plugin_metadata": {
        "cordova-plugin-device": "1.1.7",
        "cordova-plugin-compat": "1.2.0",
        "cordova-plugin-geolocation": "2.4.3",
        "cordova-plugin-whitelist": "1.3.4",
        "onesignal-cordova-plugin": "2.4.7",
        "cordova-plugin-inappbrowser": "1.7.2",
        "cordova-plugin-statusbar": "2.4.3"
    }
}