{
  "prepare_queue": {
    "installed": [],
    "uninstalled": []
  },
  "config_munge": {
    "files": {
      "config.xml": {
        "parents": {
          "/*": [
            {
              "xml": "<feature name=\"InAppBrowser\"><param name=\"ios-package\" value=\"CDVInAppBrowser\" /></feature>",
              "count": 1
            },
            {
              "xml": "<feature name=\"Device\"><param name=\"ios-package\" value=\"CDVDevice\" /></feature>",
              "count": 1
            },
            {
              "xml": "<feature name=\"StatusBar\"><param name=\"ios-package\" value=\"CDVStatusBar\" /><param name=\"onload\" value=\"true\" /></feature>",
              "count": 1
            },
            {
              "xml": "<preference name=\"StatusBarOverlaysWebView\" value=\"true\" />",
              "count": 1
            },
            {
              "xml": "<preference name=\"StatusBarStyle\" value=\"lightcontent\" />",
              "count": 1
            },
            {
              "xml": "<feature name=\"Geolocation\"><param name=\"ios-package\" value=\"CDVLocation\" /></feature>",
              "count": 1
            }
          ]
        }
      },
      "*-Info.plist": {
        "parents": {
          "NSLocationWhenInUseUsageDescription": [
            {
              "xml": "<string> </string>",
              "count": 1
            }
          ]
        }
      }
    }
  },
  "installed_plugins": {
    "cordova-plugin-inappbrowser": {
      "PACKAGE_NAME": "br.com.meupersonalvitual.personalvirtual"
    },
    "cordova-plugin-device": {
      "PACKAGE_NAME": "br.com.meupersonalvitual.personalvirtual"
    },
    "cordova-plugin-compat": {
      "PACKAGE_NAME": "br.com.meupersonalvitual.personalvirtual"
    },
    "cordova-plugin-statusbar": {
      "PACKAGE_NAME": "br.com.meupersonalvitual.personalvirtual"
    },
    "cordova-plugin-geolocation": {
      "GEOLOCATION_USAGE_DESCRIPTION": " ",
      "PACKAGE_NAME": "br.com.meupersonalvitual.personalvirtual"
    },
    "cordova-plugin-whitelist": {
      "PACKAGE_NAME": "br.com.meupersonalvitual.personalvirtual"
    }
  },
  "dependent_plugins": {},
  "modules": [
    {
      "file": "plugins/cordova-plugin-inappbrowser/www/inappbrowser.js",
      "id": "cordova-plugin-inappbrowser.inappbrowser",
      "pluginId": "cordova-plugin-inappbrowser",
      "clobbers": [
        "cordova.InAppBrowser.open",
        "window.open"
      ]
    },
    {
      "file": "plugins/cordova-plugin-device/www/device.js",
      "id": "cordova-plugin-device.device",
      "pluginId": "cordova-plugin-device",
      "clobbers": [
        "device"
      ]
    },
    {
      "file": "plugins/cordova-plugin-statusbar/www/statusbar.js",
      "id": "cordova-plugin-statusbar.statusbar",
      "pluginId": "cordova-plugin-statusbar",
      "clobbers": [
        "window.StatusBar"
      ]
    },
    {
      "file": "plugins/cordova-plugin-geolocation/www/Coordinates.js",
      "id": "cordova-plugin-geolocation.Coordinates",
      "pluginId": "cordova-plugin-geolocation",
      "clobbers": [
        "Coordinates"
      ]
    },
    {
      "file": "plugins/cordova-plugin-geolocation/www/PositionError.js",
      "id": "cordova-plugin-geolocation.PositionError",
      "pluginId": "cordova-plugin-geolocation",
      "clobbers": [
        "PositionError"
      ]
    },
    {
      "file": "plugins/cordova-plugin-geolocation/www/Position.js",
      "id": "cordova-plugin-geolocation.Position",
      "pluginId": "cordova-plugin-geolocation",
      "clobbers": [
        "Position"
      ]
    },
    {
      "file": "plugins/cordova-plugin-geolocation/www/geolocation.js",
      "id": "cordova-plugin-geolocation.geolocation",
      "pluginId": "cordova-plugin-geolocation",
      "clobbers": [
        "navigator.geolocation"
      ]
    }
  ],
  "plugin_metadata": {
    "cordova-plugin-inappbrowser": "1.7.2",
    "cordova-plugin-device": "1.1.7",
    "cordova-plugin-compat": "1.2.0",
    "cordova-plugin-statusbar": "2.4.3",
    "cordova-plugin-geolocation": "2.4.3",
    "cordova-plugin-whitelist": "1.3.4"
  }
}